{
    "name": "DebugLog",
    "keywords": "assert, log, utility, serial",
    "description": "Logging library for Arduino that can output to both Serial and File with one line",
    "repository": {
        "type": "git",
        "url": "https://github.com/hideakitai/DebugLog.git"
    },
    "authors": {
        "name": "Hideaki Tai",
        "url": "https://github.com/hideakitai",
        "maintainer": true
    },
    "version": "0.6.6",
    "license": "MIT",
    "frameworks": "*",
    "platforms": "*"
}
